<?xml version="1.0"?>
<metacity_theme>
<info>
  <name>Blue-Light-Zorin-Mint</name>
  <author>Luis Eduardo Guerra</author>
  <copyright>GPL</copyright>
  <date>2022</date>
  <description>Fluent design theme.</description>
</info>

<!-- ::: CONSTANTS ::: -->

<constant name="C_title_focused" value="gtk:custom(wm_title,#404040)"/>
<constant name="C_title_unfocused" value="gtk:custom(wm_title_unfocused,#9d9d9d)"/>

<constant name="C_wm_bg" value="#F5F7FA" />
<constant name="C_wm_bg_unfocused" value="gtk:custom(wm_bg_unfocused,#d9d9d9)" />

<constant name="C_wm_border" value="#F5F7FA" />
<constant name="C_wm_border_unfocused" value="#F5F7FA" />
<constant name="C_wm_highlight" value="#F5F7FA" />

<!-- window button colors -->

<!-- close -->
<constant name="C_button_close_bg_focused" value="#e81123" />
<constant name="C_button_close_bg_hover" value="#e81123" />
<constant name="C_button_close_bg_active" value="#F14654" />

<constant name="C_icon_close_bg" value="gtk:custom(wm_icon_close_bg,#F8F8F8)" />

<!-- minimize, maximize -->
<constant name="C_button_bg_hover" value="gtk:custom(wm_button_hover_bg,#fdfdfd)" />
<constant name="C_button_bg_active" value="gtk:custom(wm_button_active_bg,#909090)" />

<constant name="C_icon_bg_focused" value="gtk:custom(wm_icon_bg,#404040)" />
<constant name="C_icon_bg_unfocused" value="gtk:custom(wm_icon_unfocused_bg,#b6b6b6)" />
<constant name="C_icon_bg_hover" value="gtk:custom(wm_icon_hover_bg,#404040)" />
<constant name="C_icon_bg_active" value="gtk:custom(wm_icon_active_bg,#ffffff)" />

<!-- ::: GEOMETRY ::: -->

<frame_geometry name="normal" title_scale="medium" rounded_top_left="8" rounded_top_right="8">
	<distance name="left_width" value="1" />
	<distance name="right_width" value="1" />
	<distance name="bottom_height" value="1" />
	<distance name="left_titlebar_edge" value="0"/>
	<distance name="right_titlebar_edge" value="0"/>
	<distance name="title_vertical_pad" value="0"/>
	<border name="title_border" left="12" right="8" top="3" bottom="3"/>
	<border name="button_border" left="0" right="0" top="0" bottom="0"/>
	<distance name="button_width" value="32"/>
  	<distance name="button_height" value="30"/>
</frame_geometry>

<frame_geometry name="maximized" parent="normal" rounded_top_left="false" rounded_top_right="false" rounded_bottom_left="false" rounded_bottom_right="false">
	<distance name="left_width" value="0"/>
	<distance name="right_width" value="0"/>
	<distance name="bottom_height" value="1"/>
	<distance name="left_titlebar_edge" value="0"/>
	<distance name="right_titlebar_edge" value="0"/>
</frame_geometry>

<frame_geometry name="tiled_left" parent="normal" rounded_top_left="false" rounded_top_right="false" rounded_bottom_left="false" rounded_bottom_right="false">
	<distance name="left_width" value="0"/>
	<distance name="right_width" value="1"/>
	<distance name="bottom_height" value="1"/>
	<distance name="left_titlebar_edge" value="0"/>
	<distance name="right_titlebar_edge" value="0"/>
</frame_geometry>

<frame_geometry name="tiled_right" parent="normal" rounded_top_left="false" rounded_top_right="false" rounded_bottom_left="false" rounded_bottom_right="false">
	<distance name="left_width" value="1"/>
	<distance name="right_width" value="0"/>
	<distance name="bottom_height" value="1"/>
	<distance name="left_titlebar_edge" value="0"/>
	<distance name="right_titlebar_edge" value="0"/>
</frame_geometry>

<frame_geometry name="utility" title_scale="small" rounded_top_left="false" rounded_top_right="false" rounded_bottom_left="false" rounded_bottom_right="false">
	<distance name="left_width" value="2"/>
	<distance name="right_width" value="2"/>
	<distance name="bottom_height" value="2"/>
	<distance name="left_titlebar_edge" value="3"/>
	<distance name="right_titlebar_edge" value="3"/>
	<distance name="title_vertical_pad" value="0"/>
	<border name="title_border" left="2" right="2" top="4" bottom="3"/>
	<border name="button_border" left="0" right="0" top="2" bottom="2"/>
	<aspect_ratio name="button" value="1"/>
</frame_geometry>

<frame_geometry name="border" has_title="false">
	<distance name="left_width" value="2"/>
	<distance name="right_width" value="2"/>
	<distance name="bottom_height" value="2"/>
	<distance name="left_titlebar_edge" value="0"/>
	<distance name="right_titlebar_edge" value="0"/>
	<distance name="button_width" value="0"/>
	<distance name="button_height" value="0"/>
	<distance name="title_vertical_pad" value="4"/>
	<border name="title_border" left="0" right="0" top="0" bottom="0"/>
	<border name="button_border" left="0" right="0" top="0" bottom="0"/>
</frame_geometry>

<frame_geometry name="attached" title_scale="medium" hide_buttons="true" rounded_top_left="5" rounded_top_right="5" rounded_bottom_left="4" rounded_bottom_right="4" parent="normal">
</frame_geometry>

<!-- ::: BACKGROUND ::: -->

<draw_ops name="entire_background_focused">
	<rectangle color="C_wm_border" x="0" y="0" width="width" height="height" filled="true" />
</draw_ops>

<draw_ops name="entire_background_unfocused">
	<include name="entire_background_focused" />
</draw_ops>

<!-- ::: BORDERS ::: -->

<draw_ops name="border_focused">
	<rectangle color="C_wm_border" x="0" y="0" width="width-1" height="height-1" filled="false" />
</draw_ops>

<draw_ops name="border_unfocused">
	<rectangle color="C_wm_border_unfocused" x="0" y="0" width="width-1" height="height-1" filled="false" />
</draw_ops>

<draw_ops name="rounded_border_focused">
	<line color="C_wm_border" x1="10" y1="0" x2="width-11" y2="0" />
	<line color="C_wm_border" x1="0" y1="height-1" x2="width-1" y2="height-1" />
	<line color="C_wm_border" x1="0" y1="10" x2="0" y2="height-2" />
	<line color="C_wm_border" x1="width-1" y1="10" x2="width-1" y2="height-2" />
	<arc color="C_wm_border" x="0" y="0" width="20" height="20"  start_angle="270" extent_angle="90" />
	<arc color="C_wm_border" x="width-21" y="0" width="20" height="20"  start_angle="0" extent_angle="90" />
	<!-- double arcs for darker borders -->
	<arc color="C_wm_border" x="0" y="0" width="20" height="20"  start_angle="270" extent_angle="90" />
	<arc color="C_wm_border" x="width-21" y="0" width="20" height="20"  start_angle="0" extent_angle="90" />
</draw_ops>

<draw_ops name="rounded_border_unfocused">
	<line color="C_wm_border_unfocused" x1="10" y1="0" x2="width-11" y2="0" />
	<line color="C_wm_border_unfocused" x1="0" y1="height-1" x2="width-1" y2="height-1" />
	<line color="C_wm_border_unfocused" x1="0" y1="10" x2="0" y2="height-2" />
	<line color="C_wm_border_unfocused" x1="width-1" y1="10" x2="width-1" y2="height-2" />
	<arc color="C_wm_border_unfocused" x="0" y="0" width="20" height="20"  start_angle="270" extent_angle="90" />
	<arc color="C_wm_border_unfocused" x="width-21" y="0" width="20" height="20"  start_angle="0" extent_angle="90" />
	<!-- double arcs for darker borders -->
	<arc color="C_wm_border_unfocused" x="0" y="0" width="20" height="20"  start_angle="270" extent_angle="90" />
	<arc color="C_wm_border_unfocused" x="width-21" y="0" width="20" height="20"  start_angle="0" extent_angle="90" />
</draw_ops>

<draw_ops name="border_tiled_left_focused">
	<line
		x1="width-1" y1="0"
		x2="width-1" y2="height"
		color="C_wm_border" />
</draw_ops>

<draw_ops name="border_tiled_left_unfocused">
	<line
		x1="width-1" y1="0"
		x2="width-1" y2="height"
		color="C_wm_border_unfocused" />
</draw_ops>

<draw_ops name="border_tiled_right_focused">
	<line
		x1="0" y1="0"
		x2="0" y2="height"
		color="C_wm_border" />
</draw_ops>

<draw_ops name="border_tiled_right_unfocused">
	<line
		x1="0" y1="0"
		x2="0" y2="height"
		color="C_wm_border_unfocused" />
</draw_ops>

<!-- ::: TITLEBAR ::: -->

<draw_ops name="titlebar_fill_focused">
	<gradient type="vertical" x="0" y="0" width="width" height="height">
		<color value="C_wm_bg"/>
		<color value="C_wm_bg"/>
	</gradient>
</draw_ops>

<draw_ops name="titlebar_fill_unfocused">
	<rectangle color="C_wm_bg" x="0" y="0" width="width" height="height" filled="true"/>
</draw_ops>

<draw_ops name="hilight">
	<line x1="0" y1="1" x2="width-1" y2="1" color="C_wm_highlight" />
	<gradient type="vertical" x="1" y="1" width="1" height="height-4">
		<color value="C_wm_highlight" />
		<color value="C_wm_bg" />
	</gradient>
</draw_ops>

<draw_ops name="rounded_hilight">
	<line x1="10" y1="1" x2="width-11" y2="1" color="C_wm_highlight" />
	<arc color="C_wm_highlight" x="1" y="1" width="20" height="20"  start_angle="270" extent_angle="90" />
	<arc color="C_wm_highlight" x="width-10" y="1" width="20" height="20"  start_angle="0" extent_angle="90" />
	<gradient type="vertical" x="1" y="5" width="1" height="height-9">
		<color value="C_wm_highlight" />
		<color value="C_wm_bg" />
	</gradient>
</draw_ops>

<draw_ops name="titlebar_focused">
	<include name="titlebar_fill_focused" />
	<include name="hilight" />
</draw_ops>

<draw_ops name="rounded_titlebar_focused">
	<include name="titlebar_fill_focused"/>
	<include name="rounded_hilight"/>
</draw_ops>

<!-- ::: TITLES ::: -->

<draw_ops name="title_focused">
    <title version="< 3.1"
        x="(0 `max` ((width - title_width) / 2))"
        y="(0 `max` ((height - title_height) /2))"
        color="C_title_focused" />
    <title version=">= 3.1"
        x="(0 `max` ((frame_x_center - title_width / 2) `min` (width - title_width)))"
        y="(0 `max` ((height - title_height) /2))"
        ellipsize_width="width"
        color="C_title_focused" />
</draw_ops>

<draw_ops name="title_unfocused">
    <title version="< 3.1"
        x="(0 `max` ((width - title_width) / 2))"
        y="(0 `max` ((height - title_height) /2))"
        color="C_title_unfocused" />
    <title version=">= 3.1"
        x="(0 `max` ((frame_x_center - title_width / 2) `min` (width - title_width)))"
        y="(0 `max` ((height - title_height) /2))"
        ellipsize_width="width"
        color="C_title_unfocused" />
</draw_ops>

<!-- menu icon -->

<draw_ops name="menu_focused">
	<image filename="menu-icon.svg" colorize="C_icon_bg_focused" x="(width-object_width)/2" y="(height-object_height)/2" width="object_width" height="object_height"/>
</draw_ops>

<draw_ops name="menu_focused_pressed">
	<image filename="button-bg.svg" colorize="C_button_bg_active" x="(width-object_width)/2" y="(height-object_height)/2" width="object_width" height="object_height"/>
	<image filename="menu-icon.svg" colorize="C_icon_bg_active" x="(width-object_width)/2" y="(height-object_height)/2" width="object_width" height="object_height"/>
</draw_ops>

<draw_ops name="menu_focused_prelight">
	<image filename="button-bg.svg" colorize="C_button_bg_hover" x="(width-object_width)/2" y="(height-object_height)/2" width="object_width" height="object_height"/>
	<image filename="menu-icon.svg" colorize="C_icon_bg_hover" x="(width-object_width)/2" y="(height-object_height)/2" width="object_width" height="object_height"/>
</draw_ops>

<draw_ops name="menu_unfocused">
	<image filename="menu-icon.svg" colorize="C_icon_bg_unfocused" x="(width-object_width)/2" y="(height-object_height)/2" width="object_width" height="object_height"/>
</draw_ops>

<!-- close icon -->

<draw_ops name="close_focused">
	<image filename="close-icon.svg" colorize="C_icon_bg_focused" x="(width-object_width)/2" y="(height-object_height)/2" width="object_width" height="object_height"/>
</draw_ops>

<draw_ops name="close_focused_pressed">
	<image filename="button-bg.svg" colorize="C_button_close_bg_active" x="(width-object_width)/2" y="(height-object_height)/2" width="object_width" height="object_height"/>
	<image filename="close-icon.svg" colorize="C_icon_close_bg" x="(width-object_width)/2" y="(height-object_height)/2" width="object_width" height="object_height"/>
</draw_ops>

<draw_ops name="close_focused_prelight">
	<image filename="button-bg.svg" colorize="C_button_close_bg_hover" x="(width-object_width)/2" y="(height-object_height)/2" width="object_width" height="object_height"/>
	<image filename="close-icon.svg" colorize="C_icon_close_bg" x="(width-object_width)/2" y="(height-object_height)/2" width="object_width" height="object_height"/>
</draw_ops>

<draw_ops name="close_unfocused">
	<image filename="close-icon.svg" colorize="C_icon_bg_unfocused" x="(width-object_width)/2" y="(height-object_height)/2" width="object_width" height="object_height"/>
</draw_ops>

<!--maximize-->
<draw_ops name="maximize_focused">
	<image filename="max-icon.svg" colorize="C_icon_bg_focused" x="(width-object_width)/2" y="(height-object_height)/2" width="object_width" height="object_height"/>
</draw_ops>

<draw_ops name="maximize_focused_pressed">
	<image filename="button-bg.svg" colorize="C_button_bg_active" x="(width-object_width)/2" y="(height-object_height)/2" width="object_width" height="object_height"/>
	<image filename="max-icon.svg" colorize="C_icon_bg_active" x="(width-object_width)/2" y="(height-object_height)/2" width="object_width" height="object_height"/>
</draw_ops>

<draw_ops name="maximize_focused_prelight">
	<image filename="button-bg.svg" colorize="C_button_bg_hover" x="(width-object_width)/2" y="(height-object_height)/2" width="object_width" height="object_height"/>
	<image filename="max-icon.svg" colorize="C_icon_bg_hover" x="(width-object_width)/2" y="(height-object_height)/2" width="object_width" height="object_height"/>
</draw_ops>

<draw_ops name="maximize_unfocused">
	<image filename="max-icon.svg" colorize="C_icon_bg_unfocused" x="(width-object_width)/2" y="(height-object_height)/2" width="object_width" height="object_height"/>
</draw_ops>

<!--unmaximize-->
<draw_ops name="unmaximize_focused">
    <image filename="restore-icon.svg" colorize="C_icon_bg_focused" x="(width-object_width)/2" y="(height-object_height)/2" width="object_width" height="object_height"/>
</draw_ops>

<draw_ops name="unmaximize_focused_pressed">
    <image filename="button-bg.svg" colorize="C_button_bg_active" x="(width-object_width)/2" y="(height-object_height)/2" width="object_width" height="object_height"/>
    <image filename="restore-icon.svg" colorize="C_icon_bg_active" x="(width-object_width)/2" y="(height-object_height)/2" width="object_width" height="object_height"/>
</draw_ops>

<draw_ops name="unmaximize_focused_prelight">
    <image filename="button-bg.svg" colorize="C_button_bg_hover" x="(width-object_width)/2" y="(height-object_height)/2" width="object_width" height="object_height"/>
    <image filename="restore-icon.svg" colorize="C_icon_bg_hover" x="(width-object_width)/2" y="(height-object_height)/2" width="object_width" height="object_height"/>
</draw_ops>

<draw_ops name="unmaximize_unfocused">
    <image filename="restore-icon.svg" colorize="C_icon_bg_unfocused" x="(width-object_width)/2" y="(height-object_height)/2" width="object_width" height="object_height"/>
</draw_ops>

<!--minimize-->
<draw_ops name="minimize_focused">
	<image filename="min-icon.svg" colorize="C_icon_bg_focused" x="(width-object_width)/2" y="(height-object_height)/2" width="object_width" height="object_height"/>
</draw_ops>

<draw_ops name="minimize_focused_pressed">
	<image filename="button-bg.svg" colorize="C_button_bg_active" x="(width-object_width)/2" y="(height-object_height)/2" width="object_width" height="object_height"/>
	<image filename="min-icon.svg" colorize="C_icon_bg_active" x="(width-object_width)/2" y="(height-object_height)/2" width="object_width" height="object_height"/>
</draw_ops>

<draw_ops name="minimize_focused_prelight">
	<image filename="button-bg.svg" colorize="C_button_bg_hover" x="(width-object_width)/2" y="(height-object_height)/2" width="object_width" height="object_height"/>
	<image filename="min-icon.svg" colorize="C_icon_bg_hover" x="(width-object_width)/2" y="(height-object_height)/2" width="object_width" height="object_height"/>
</draw_ops>

<draw_ops name="minimize_unfocused">
	<image filename="min-icon.svg" colorize="C_icon_bg_unfocused" x="(width-object_width)/2" y="(height-object_height)/2" width="object_width" height="object_height"/>
</draw_ops>

<!-- shade icon -->

<draw_ops name="shade_focused">
	<image filename="shade-icon.svg" colorize="C_icon_bg_focused" x="(width-object_width)/2" y="(height-object_height)/2" width="object_width" height="object_height"/>
</draw_ops>

<draw_ops name="shade_focused_pressed">
	<image filename="button-bg.svg" colorize="C_button_bg_active" x="(width-object_width)/2" y="(height-object_height)/2" width="object_width" height="object_height"/>
	<image filename="shade-icon.svg" colorize="C_icon_bg_active" x="(width-object_width)/2" y="(height-object_height)/2" width="object_width" height="object_height"/>
</draw_ops>

<draw_ops name="shade_focused_prelight">
	<image filename="button-bg.svg" colorize="C_button_bg_hover" x="(width-object_width)/2" y="(height-object_height)/2" width="object_width" height="object_height"/>
	<image filename="shade-icon.svg" colorize="C_icon_bg_hover" x="(width-object_width)/2" y="(height-object_height)/2" width="object_width" height="object_height"/>
</draw_ops>

<draw_ops name="shade_unfocused">
	<image filename="shade-icon.svg" colorize="C_icon_bg_unfocused" x="(width-object_width)/2" y="(height-object_height)/2" width="object_width" height="object_height"/>
</draw_ops>

<!-- unshade icon -->

<draw_ops name="unshade_focused">
	<image filename="unshade-icon.svg" colorize="C_icon_bg_focused" x="(width-object_width)/2" y="(height-object_height)/2" width="object_width" height="object_height"/>
</draw_ops>

<draw_ops name="unshade_focused_pressed">
	<image filename="button-bg.svg" colorize="C_button_bg_active" x="(width-object_width)/2" y="(height-object_height)/2" width="object_width" height="object_height"/>
	<image filename="unshade-icon.svg" colorize="C_icon_bg_active" x="(width-object_width)/2" y="(height-object_height)/2" width="object_width" height="object_height"/>
</draw_ops>

<draw_ops name="unshade_focused_prelight">
	<image filename="button-bg.svg" colorize="C_button_bg_hover" x="(width-object_width)/2" y="(height-object_height)/2" width="object_width" height="object_height"/>
	<image filename="unshade-icon.svg" colorize="C_icon_bg_hover" x="(width-object_width)/2" y="(height-object_height)/2" width="object_width" height="object_height"/>
</draw_ops>

<draw_ops name="unshade_unfocused">
	<image filename="unshade-icon.svg" colorize="C_icon_bg_unfocused" x="(width-object_width)/2" y="(height-object_height)/2" width="object_width" height="object_height"/>
</draw_ops>

<!-- stick icon -->

<draw_ops name="stick_focused">
	<image filename="stick-icon.svg" colorize="C_icon_bg_focused" x="(width-object_width)/2" y="(height-object_height)/2" width="object_width" height="object_height"/>
</draw_ops>

<draw_ops name="stick_focused_pressed">
	<image filename="button-bg.svg" colorize="C_button_bg_active" x="(width-object_width)/2" y="(height-object_height)/2" width="object_width" height="object_height"/>
	<image filename="stick-icon.svg" colorize="C_icon_bg_active" x="(width-object_width)/2" y="(height-object_height)/2" width="object_width" height="object_height"/>
</draw_ops>

<draw_ops name="stick_focused_prelight">
	<image filename="button-bg.svg" colorize="C_button_bg_hover" x="(width-object_width)/2" y="(height-object_height)/2" width="object_width" height="object_height"/>
	<image filename="stick-icon.svg" colorize="C_icon_bg_hover" x="(width-object_width)/2" y="(height-object_height)/2" width="object_width" height="object_height"/>
</draw_ops>

<draw_ops name="stick_unfocused">
	<image filename="stick-icon.svg" colorize="C_icon_bg_unfocused" x="(width-object_width)/2" y="(height-object_height)/2" width="object_width" height="object_height"/>
</draw_ops>

<!-- unstick icon -->

<draw_ops name="unstick_focused">
	<image filename="unstick-icon.svg" colorize="C_icon_bg_focused" x="(width-object_width)/2" y="(height-object_height)/2" width="object_width" height="object_height"/>
</draw_ops>

<draw_ops name="unstick_focused_pressed">
	<image filename="button-bg.svg" colorize="C_button_bg_active" x="(width-object_width)/2" y="(height-object_height)/2" width="object_width" height="object_height"/>
	<image filename="unstick-icon.svg" colorize="C_icon_bg_active" x="(width-object_width)/2" y="(height-object_height)/2" width="object_width" height="object_height"/>
</draw_ops>

<draw_ops name="unstick_focused_prelight">
	<image filename="button-bg.svg" colorize="C_button_bg_hover" x="(width-object_width)/2" y="(height-object_height)/2" width="object_width" height="object_height"/>
	<image filename="unstick-icon.svg" colorize="C_icon_bg_hover" x="(width-object_width)/2" y="(height-object_height)/2" width="object_width" height="object_height"/>
</draw_ops>

<draw_ops name="unstick_unfocused">
	<image filename="unstick-icon.svg" colorize="C_icon_bg_unfocused" x="(width-object_width)/2" y="(height-object_height)/2" width="object_width" height="object_height"/>
</draw_ops>

<draw_ops name="blank">
<!-- nothing -->
</draw_ops>

<!-- ::: FRAME STYLES ::: -->

<frame_style name="normal_focused" geometry="normal">
	<piece position="entire_background" draw_ops="entire_background_focused" />
	<piece position="titlebar" draw_ops="rounded_titlebar_focused"/>
	<piece position="title" draw_ops="title_focused" />
	<piece position="overlay" draw_ops="rounded_border_focused" />
	<button function="close" state="normal" draw_ops="close_focused"/>
	<button function="close" state="prelight" draw_ops="close_focused_prelight"/>
	<button function="close" state="pressed" draw_ops="close_focused_pressed"/>
	<button function="maximize" state="normal" draw_ops="maximize_focused"/>
	<button function="maximize" state="prelight" draw_ops="maximize_focused_prelight"/>
	<button function="maximize" state="pressed" draw_ops="maximize_focused_pressed"/>
	<button function="minimize" state="normal" draw_ops="minimize_focused"/>
	<button function="minimize" state="prelight" draw_ops="minimize_focused_prelight"/>
	<button function="minimize" state="pressed" draw_ops="minimize_focused_pressed"/>
	<button function="menu" state="normal" draw_ops="menu_focused"/>
	<button function="menu" state="prelight" draw_ops="menu_focused_prelight"/>
	<button function="menu" state="pressed" draw_ops="menu_focused_pressed"/>
	<button function="shade" state="normal" draw_ops="shade_focused"/>
	<button function="shade" state="prelight" draw_ops="shade_focused_prelight"/>
	<button function="shade" state="pressed" draw_ops="shade_focused_pressed"/>
	<button function="unshade" state="normal" draw_ops="unshade_focused"/>
	<button function="unshade" state="prelight" draw_ops="unshade_focused_prelight"/>
	<button function="unshade" state="pressed" draw_ops="unshade_focused_pressed"/>
	<button function="above" state="normal"><draw_ops></draw_ops></button>
	<button function="above" state="pressed"><draw_ops></draw_ops></button>
	<button function="unabove" state="normal"><draw_ops></draw_ops></button>
	<button function="unabove" state="pressed"><draw_ops></draw_ops></button>
	<button function="stick" state="normal" draw_ops="stick_focused"/>
	<button function="stick" state="prelight" draw_ops="stick_focused_prelight"/>
	<button function="stick" state="pressed" draw_ops="stick_focused_pressed"/>
	<button function="unstick" state="normal" draw_ops="unstick_focused"/>
	<button function="unstick" state="prelight" draw_ops="unstick_focused_prelight"/>
	<button function="unstick" state="pressed" draw_ops="unstick_focused_pressed"/>
</frame_style>

<frame_style name="normal_unfocused" geometry="normal" parent="normal_focused">
	<piece position="entire_background" draw_ops="entire_background_unfocused" />
	<piece position="titlebar" draw_ops="titlebar_fill_unfocused" />
	<piece position="title" draw_ops="title_unfocused" />
	<piece position="overlay" draw_ops="rounded_border_unfocused" />
	<button function="close" state="normal" draw_ops="close_unfocused"/>
	<button function="maximize" state="normal" draw_ops="maximize_unfocused"/>
	<button function="minimize" state="normal" draw_ops="minimize_unfocused"/>
	<button function="menu" state="normal" draw_ops="menu_unfocused"/>
	<button function="shade" state="normal" draw_ops="shade_unfocused"/>
	<button function="unshade" state="normal" draw_ops="unshade_unfocused"/>
	<button function="stick" state="normal" draw_ops="stick_unfocused"/>
	<button function="unstick" state="normal" draw_ops="unstick_unfocused"/>
</frame_style>

<frame_style name="maximized_focused" geometry="maximized" parent="normal_focused">
	<piece position="entire_background" draw_ops="entire_background_focused" />
	<piece position="titlebar" draw_ops="titlebar_fill_focused" />
	<piece position="title" draw_ops="title_focused" />
	<piece position="overlay"><draw_ops></draw_ops></piece>
	<button function="maximize" state="normal" draw_ops="unmaximize_focused" />
    <button function="maximize" state="pressed" draw_ops="unmaximize_focused_pressed" />
    <button function="maximize" state="prelight" draw_ops="unmaximize_focused_prelight" />
</frame_style>

<frame_style name="maximized_unfocused" geometry="maximized" parent="normal_unfocused">
	<piece position="entire_background" draw_ops="entire_background_unfocused" />
	<piece position="titlebar" draw_ops="titlebar_fill_unfocused" />
	<piece position="title" draw_ops="title_unfocused" />
	<piece position="overlay"><draw_ops></draw_ops></piece>
	<button function="maximize" state="normal" draw_ops="unmaximize_unfocused"/>
</frame_style>

<frame_style name="tiled_left_focused" geometry="tiled_left" parent="maximized_focused">
	<piece position="overlay" draw_ops="border_tiled_left_focused"/>
</frame_style >

<frame_style name="tiled_left_unfocused" geometry="tiled_left" parent="maximized_unfocused">
	<piece position="overlay" draw_ops="border_tiled_left_unfocused"/>
</frame_style >

<frame_style name="tiled_right_focused" geometry="tiled_right" parent="maximized_focused">
	<piece position="overlay" draw_ops="border_tiled_right_focused"/>
</frame_style >

<frame_style name="tiled_right_unfocused" geometry="tiled_right" parent="maximized_unfocused">
	<piece position="overlay" draw_ops="border_tiled_right_unfocused"/>
</frame_style >

<frame_style name="utility_focused" geometry="utility" parent="normal_focused">
</frame_style>

<frame_style name="utility_unfocused" geometry="utility" parent="normal_unfocused">
</frame_style>

<frame_style name="border" geometry="border" parent="normal_focused">
	<piece position="title" draw_ops="blank"/>
</frame_style>

<frame_style name="attached_unfocused" geometry="attached">
	<piece position="entire_background" draw_ops="entire_background_unfocused" />
	<piece position="titlebar" draw_ops="titlebar_fill_unfocused" />
	<piece position="title" draw_ops="title_unfocused" />
	<piece position="overlay" draw_ops="rounded_border_unfocused" />
	<button function="close" state="normal"><draw_ops></draw_ops></button>
	<button function="close" state="pressed"><draw_ops></draw_ops></button>
	<button function="maximize" state="normal"><draw_ops></draw_ops></button>
	<button function="maximize" state="pressed"><draw_ops></draw_ops></button>
	<button function="minimize" state="normal"><draw_ops></draw_ops></button>
	<button function="minimize" state="pressed"><draw_ops></draw_ops></button>
	<button function="menu" state="normal"><draw_ops></draw_ops></button>
	<button function="menu" state="pressed"><draw_ops></draw_ops></button>
	<button function="shade" state="normal"><draw_ops></draw_ops></button>
	<button function="shade" state="pressed"><draw_ops></draw_ops></button>
	<button function="unshade" state="normal"><draw_ops></draw_ops></button>
	<button function="unshade" state="pressed"><draw_ops></draw_ops></button>
	<button function="above" state="normal"><draw_ops></draw_ops></button>
	<button function="above" state="pressed"><draw_ops></draw_ops></button>
	<button function="unabove" state="normal"><draw_ops></draw_ops></button>
	<button function="unabove" state="pressed"><draw_ops></draw_ops></button>
	<button function="stick" state="normal"><draw_ops></draw_ops></button>
	<button function="stick" state="pressed"><draw_ops></draw_ops></button>
	<button function="unstick" state="normal"><draw_ops></draw_ops></button>
	<button function="unstick" state="pressed"><draw_ops></draw_ops></button>
</frame_style>

<frame_style name="attached_focused" geometry="attached">
	<piece position="entire_background" draw_ops="entire_background_focused" />
	<piece position="titlebar" draw_ops="titlebar_fill_focused" />
	<piece position="title" draw_ops="title_focused" />
	<piece position="overlay" draw_ops="rounded_border_focused" />
	<button function="close" state="normal"><draw_ops></draw_ops></button>
	<button function="close" state="pressed"><draw_ops></draw_ops></button>
	<button function="maximize" state="normal"><draw_ops></draw_ops></button>
	<button function="maximize" state="pressed"><draw_ops></draw_ops></button>
	<button function="minimize" state="normal"><draw_ops></draw_ops></button>
	<button function="minimize" state="pressed"><draw_ops></draw_ops></button>
	<button function="menu" state="normal"><draw_ops></draw_ops></button>
	<button function="menu" state="pressed"><draw_ops></draw_ops></button>
	<button function="shade" state="normal"><draw_ops></draw_ops></button>
	<button function="shade" state="pressed"><draw_ops></draw_ops></button>
	<button function="unshade" state="normal"><draw_ops></draw_ops></button>
	<button function="unshade" state="pressed"><draw_ops></draw_ops></button>
	<button function="above" state="normal"><draw_ops></draw_ops></button>
	<button function="above" state="pressed"><draw_ops></draw_ops></button>
	<button function="unabove" state="normal"><draw_ops></draw_ops></button>
	<button function="unabove" state="pressed"><draw_ops></draw_ops></button>
	<button function="stick" state="normal"><draw_ops></draw_ops></button>
	<button function="stick" state="pressed"><draw_ops></draw_ops></button>
	<button function="unstick" state="normal"><draw_ops></draw_ops></button>
	<button function="unstick" state="pressed"><draw_ops></draw_ops></button>
</frame_style>

<!-- placeholder for unimplementated styles-->
<frame_style name="blank" geometry="normal">
	<button function="close" state="normal"><draw_ops></draw_ops></button>
	<button function="close" state="pressed"><draw_ops></draw_ops></button>
	<button function="maximize" state="normal"><draw_ops></draw_ops></button>
	<button function="maximize" state="pressed"><draw_ops></draw_ops></button>
	<button function="minimize" state="normal"><draw_ops></draw_ops></button>
	<button function="minimize" state="pressed"><draw_ops></draw_ops></button>
	<button function="menu" state="normal"><draw_ops></draw_ops></button>
	<button function="menu" state="pressed"><draw_ops></draw_ops></button>
	<button function="shade" state="normal"><draw_ops></draw_ops></button>
	<button function="shade" state="pressed"><draw_ops></draw_ops></button>
	<button function="unshade" state="normal"><draw_ops></draw_ops></button>
	<button function="unshade" state="pressed"><draw_ops></draw_ops></button>
	<button function="above" state="normal"><draw_ops></draw_ops></button>
	<button function="above" state="pressed"><draw_ops></draw_ops></button>
	<button function="unabove" state="normal"><draw_ops></draw_ops></button>
	<button function="unabove" state="pressed"><draw_ops></draw_ops></button>
	<button function="stick" state="normal"><draw_ops></draw_ops></button>
	<button function="stick" state="pressed"><draw_ops></draw_ops></button>
	<button function="unstick" state="normal"><draw_ops></draw_ops></button>
	<button function="unstick" state="pressed"><draw_ops></draw_ops></button>
</frame_style>

<!-- :::FRAME STYLE SETS::: -->

<frame_style_set name="normal">
	<frame focus="yes" state="normal" resize="both" style="normal_focused"/>
	<frame focus="no" state="normal" resize="both" style="normal_unfocused"/>
	<frame focus="yes" state="maximized" style="maximized_focused"/>
	<frame focus="no" state="maximized" style="maximized_unfocused"/>
	<frame focus="yes" state="shaded" style="normal_focused"/>
	<frame focus="no" state="shaded" style="normal_unfocused"/>
	<frame focus="yes" state="maximized_and_shaded" style="maximized_focused"/>
	<frame focus="no" state="maximized_and_shaded" style="maximized_unfocused"/>
	<frame version=">= 3.3" focus="yes" state="tiled_left" style="tiled_left_focused"/>
	<frame version=">= 3.3" focus="no" state="tiled_left" style="tiled_left_unfocused"/>
	<frame version=">= 3.3" focus="yes" state="tiled_right" style="tiled_right_focused"/>
	<frame version=">= 3.3" focus="no" state="tiled_right" style="tiled_right_unfocused"/>
	<frame version=">= 3.3" focus="yes" state="tiled_left_and_shaded" style="tiled_left_focused"/>
	<frame version=">= 3.3" focus="no" state="tiled_left_and_shaded" style="tiled_left_unfocused"/>
	<frame version=">= 3.3" focus="yes" state="tiled_right_and_shaded" style="tiled_right_focused"/>
	<frame version=">= 3.3" focus="no" state="tiled_right_and_shaded" style="tiled_right_unfocused"/>
</frame_style_set>

<frame_style_set name="utility">
	<frame focus="yes" state="normal" resize="both" style="utility_focused"/>
	<frame focus="no" state="normal" resize="both" style="utility_unfocused"/>
	<frame focus="yes" state="maximized" style="blank"/>
	<frame focus="no" state="maximized" style="blank"/>
	<frame focus="yes" state="shaded" style="utility_focused"/>
	<frame focus="no" state="shaded" style="utility_unfocused"/>
	<frame focus="yes" state="maximized_and_shaded" style="blank"/>
	<frame focus="no" state="maximized_and_shaded" style="blank"/>
</frame_style_set>

<frame_style_set name="border">
	<frame focus="yes" state="normal" resize="both" style="border"/>
	<frame focus="no" state="normal" resize="both" style="border"/>
	<frame focus="yes" state="maximized" style="border"/>
	<frame focus="no" state="maximized" style="border"/>
	<frame focus="yes" state="shaded" style="border"/>
	<frame focus="no" state="shaded" style="border"/>
	<frame focus="yes" state="maximized_and_shaded" style="border"/>
	<frame focus="no" state="maximized_and_shaded" style="border"/>
</frame_style_set>

<frame_style_set name="attached">
	<frame focus="yes" state="normal" resize="both" style="attached_focused"/>
	<frame focus="no" state="normal" resize="both" style="attached_unfocused"/>
	<frame focus="yes" state="maximized" style="blank"/>
	<frame focus="no" state="maximized" style="blank"/>
	<frame focus="yes" state="shaded" style="blank"/>
	<frame focus="no" state="shaded" style="blank"/>
	<frame focus="yes" state="maximized_and_shaded" style="blank"/>
	<frame focus="no" state="maximized_and_shaded" style="blank"/>
</frame_style_set>

<!-- :::WINDOWS::: -->

<window type="normal" style_set="normal"/>
<window type="dialog" style_set="normal"/>
<window type="modal_dialog" style_set="normal"/>
<window type="menu" style_set="normal"/>
<window type="utility" style_set="utility"/>
<window type="border" style_set="border"/>
<window version=">= 3.2" type="attached" style_set="attached"/>

</metacity_theme>
